age,unit,sex,geo\time	1990 	1991 	1992 	1993 	1994 	1995 	1996 	1997 	1998 	1999 	2000 	2001 	2002 	2003 	2004 	2005 	2006 	2007 	2008 	2009 	2010 	2011 	2012 	2013 	2014 	2015 	2016 
TOTAL,PC_ACT,T,AT	: 	: 	: 	: 	4.3 	4.2 	4.7 	4.7 	4.7 	4.2 	3.9 	4.0 	4.4 	4.8 i	5.5 	5.6 	5.3 	4.9 	4.1 	5.3 	4.8 	4.6 	4.9 	5.4 	5.6 	5.7 	6.0 
TOTAL,PC_ACT,T,BE	6.6 	6.4 	7.1 	8.6 	9.8 	9.7 	9.5 	9.2 	9.3 	8.4 	6.9 	6.6 	7.5 	8.2 	8.4 	8.5 	8.3 	7.5 	7.0 	7.9 	8.3 	7.2 	7.6 	8.4 	8.5 	8.5 	7.8 
TOTAL,PC_ACT,T,BG	: 	: 	: 	: 	: 	: 	: 	: 	: 	: 	16.4 	19.6 	18.2 	13.7 	12.1 	10.1 	9.0 	6.9 	5.6 	6.8 	10.3 i	11.3 	12.3 	13.0 	11.4 	9.2 	7.6 
TOTAL,PC_ACT,T,CY	: 	: 	: 	: 	: 	: 	: 	: 	: 	: 	4.8 	3.9 	3.5 	4.1 	4.6 i	5.3 	4.6 	3.9 	3.7 	5.4 	6.3 	7.9 	11.9 	15.9 	16.1 	15.0 	13.0 
TOTAL,PC_ACT,T,CZ	: 	: 	: 	4.3 	4.3 	4.0 	3.9 	4.8 	6.5 	8.7 	8.8 	8.1 	7.3 	7.8 	8.3 	7.9 	7.1 	5.3 	4.4 	6.7 	7.3 	6.7 	7.0 	7.0 	6.1 	5.1 	4.0 
TOTAL,PC_ACT,T,DE	: 	5.5 	6.6 	7.8 	8.4 	8.2 	8.9 	9.6 	9.4 	8.6 	7.9 	7.8 	8.6 	9.7 	10.4 	11.2 i	10.1 	8.5 	7.4 	7.6 	7.0 	5.8 	5.4 	5.2 	5.0 	4.6 	4.1 
TOTAL,PC_ACT,T,DK	7.2 	7.9 	8.6 	9.6 	7.7 	6.7 	6.3 	5.2 	4.9 	5.2 	4.3 	4.5 	4.6 	5.4 	5.5 	4.8 	3.9 i	3.8 	3.4 	6.0 	7.5 	7.6 	7.5 	7.0 	6.6 	6.2 	6.2 
TOTAL,PC_ACT,T,EA18	: 	: 	: 	: 	: 	: 	: 	: 	: 	9.6 	8.8 	8.2 	8.5 	9.0 	9.3 	9.1 	8.4 	7.5 	7.6 	9.6 	10.1 	10.1 	11.4 	12.0 	11.6 	10.9 	10.0 
TOTAL,PC_ACT,T,EA19	: 	: 	: 	: 	: 	: 	: 	: 	: 	9.7 	8.9 	8.3 	8.6 	9.1 	9.3 	9.1 	8.4 	7.5 	7.6 	9.6 	10.2 	10.2 	11.4 	12.0 	11.6 	10.9 	10.0 
TOTAL,PC_ACT,T,EE	: 	: 	: 	: 	: 	: 	: 	: 	: 	: 	14.6 	13.0 	11.2 	10.3 	10.1 	8.0 	5.9 	4.6 	5.5 i	13.5 	16.7 	12.3 	10.0 	8.6 	7.4 	6.2 	6.8 
TOTAL,PC_ACT,T,EL	: 	: 	: 	: 	: 	: 	: 	: 	11.1 	12.0 	11.2 	10.7 	10.3 	9.7 i	10.6 	10.0 	9.0 	8.4 	7.8 	9.6 	12.7 	17.9 	24.5 	27.5 	26.5 	24.9 	23.6 
TOTAL,PC_ACT,T,ES	15.5 	15.5 	17.0 	20.8 	22.0 	20.7 i	19.9 	18.4 	16.4 	13.6 	11.9 	10.6 	11.5 	11.5 	11.0 	9.2 	8.5 	8.2 	11.3 	17.9 	19.9 	21.4 	24.8 	26.1 	24.5 	22.1 	19.6 
TOTAL,PC_ACT,T,EU27	: 	: 	: 	: 	: 	: 	: 	: 	: 	: 	8.8 	8.6 	8.9 	9.1 	9.2 	9.0 	8.2 	7.2 	7.0 	9.0 	9.6 	9.6 	10.4 	10.8 	10.2 	9.4 	8.5 
TOTAL,PC_ACT,T,EU28	: 	: 	: 	: 	: 	: 	: 	: 	: 	: 	8.9 	8.7 	9.0 	9.2 	9.3 	9.0 	8.2 	7.2 	7.0 	9.0 	9.6 	9.7 	10.5 	10.9 	10.2 	9.4 	8.6 
TOTAL,PC_ACT,T,FI	3.2 	6.6 	11.7 	16.3 	16.6 	15.4 	14.6 	12.7 	11.4 	10.2 	9.8 	9.1 	9.1 	9.0 	8.8 	8.4 	7.7 	6.9 	6.4 	8.2 	8.4 	7.8 	7.7 	8.2 	8.7 	9.4 	8.8 
TOTAL,PC_ACT,T,FR	7.9 	8.1 	9.0 	10.1 	10.4 	10.2 i	10.5 	10.7 	10.3 	10.0 	8.6 	7.8 	7.9 	8.5 	8.9 	8.9 	8.8 	8.0 	7.4 	9.1 	9.3 	9.2 	9.8 	10.3 	10.3 	10.4 	10.1 
TOTAL,PC_ACT,T,HR	: 	: 	: 	: 	: 	: 	: 	: 	: 	: 	15.6 	16.0 	15.3 	14.1 	13.8 	13.0 	11.6 i	9.9 	8.6 	9.3 	11.8 	13.7 	15.8 	17.4 	17.2 	16.1 	13.4 
TOTAL,PC_ACT,T,HU	: 	: 	: 	: 	: 	: 	9.9 	9.1 	8.7 	6.9 	6.3 	5.6 	5.6 	5.8 	6.1 	7.2 	7.5 	7.4 	7.8 i	10.0 	11.2 	11.0 	11.0 	10.2 	7.7 	6.8 	5.1 
TOTAL,PC_ACT,T,IE	13.4 	14.7 	15.4 	15.6 	14.3 	12.3 	11.7 	9.9 	7.5 	5.6 	4.3 	3.9 	4.5 	4.6 	4.5 	4.4 	4.5 	4.7 	6.4 	12.0 	13.9 	14.7 	14.7 	13.1 	11.3 	9.4 	7.9 
TOTAL,PC_ACT,T,IS	: 	: 	: 	: 	: 	: 	: 	: 	: 	: 	: 	: 	: 	3.3 	3.1 	2.6 	2.9 	2.3 	3.0 	7.2 	7.6 	7.1 	6.0 	5.4 	5.0 	4.0 	3.0 
TOTAL,PC_ACT,T,IT	8.9 p	8.5 p	8.8 	9.7 	10.6 	11.2 	11.2 	11.2 	11.3 	10.9 	10.0 	9.0 	8.5 	8.4 	8.0 	7.7 	6.8 	6.1 	6.7 	7.7 	8.4 	8.4 	10.7 	12.1 	12.7 	11.9 	11.7 
TOTAL,PC_ACT,T,JP	2.1 	2.1 	2.2 	2.5 	2.9 	3.1 	3.4 	3.4 	4.1 	4.7 	4.7 	5.0 	5.4 	5.3 	4.7 	4.4 	4.1 	3.8 	4.0 	5.1 	5.0 	4.6 b	4.3 	4.0 	3.6 	3.4 	3.1 
TOTAL,PC_ACT,T,LT	: 	: 	: 	: 	: 	: 	: 	: 	13.2 	14.6 	16.4 	17.4 	13.8 	12.4 	10.9 	8.3 	5.8 	4.3 	5.8 	13.8 	17.8 	15.4 	13.4 	11.8 	10.7 	9.1 	7.9 
TOTAL,PC_ACT,T,LU	1.7 	1.6 	2.1 	2.6 	3.2 	2.9 	2.9 	2.7 	2.7 	2.4 	2.2 	1.9 	2.6 	3.8 	5.0 	4.6 	4.6 i	4.2 	4.9 	5.1 	4.6 	4.8 	5.1 	5.9 	6.0 	6.5 	6.3 
TOTAL,PC_ACT,T,LV	: 	: 	: 	: 	: 	: 	: 	: 	: 	14.1 	14.3 	13.5 i	12.5 	11.6 	11.7 	10.0 	7.0 	6.1 	7.7 	17.5 	19.5 	16.2 	15.0 	11.9 	10.8 	9.9 	9.6 
TOTAL,PC_ACT,T,MT	: 	: 	: 	: 	: 	: 	: 	: 	: 	: 	6.7 	7.6 	7.0 	7.6 	7.2 	6.9 	6.8 	6.5 	6.0 	6.9 	6.9 	6.4 	6.3 	6.4 	5.8 	5.4 	4.7 
TOTAL,PC_ACT,T,NL	6.1 	5.7 	5.7 	6.5 	7.2 	8.3 	7.7 	6.5 	5.1 	4.2 	3.7 	3.1 	3.7 i	4.8 	5.7 	5.9 	5.0 	4.2 	3.7 	4.4 	5.0 	5.0 	5.8 	7.3 	7.4 	6.9 	6.0 
TOTAL,PC_ACT,T,NO	5.2 	5.5 	5.9 	6.0 	5.4 	4.9 b	4.7 	3.9 b	3.1 	3.0 	3.2 	3.4 	3.7 	4.2 	4.3 	4.5 	3.4 b	2.5 	2.5 	3.2 	3.6 	3.3 	3.2 	3.5 	3.5 	4.4 	4.7 
TOTAL,PC_ACT,T,PL	: 	: 	: 	: 	: 	: 	: 	10.9 	10.2 	13.4 	16.1 	18.3 	20.0 	19.8 	19.1 	17.9 	13.9 	9.6 	7.1 	8.1 i	9.7 	9.7 	10.1 	10.3 	9.0 	7.5 	6.2 
TOTAL,PC_ACT,T,PT	5.6 	5.0 	5.0 	6.3 	7.6 	7.9 	8.0 	7.5 i	6.1 	5.5 	5.1 	5.1 	6.2 	7.4 	7.8 	8.8 	8.9 	9.1 	8.8 	10.7 	12.0 	12.9 	15.8 	16.4 	14.1 	12.6 	11.2 
TOTAL,PC_ACT,T,RO	: 	: 	: 	: 	: 	: 	: 	6.1 	6.3 	7.1 	7.6 	7.4 	8.3 	7.7 i	8.0 	7.1 	7.2 	6.4 	5.6 	6.5 	7.0 	7.2 	6.8 	7.1 	6.8 	6.8 	5.9 
TOTAL,PC_ACT,T,SE	1.7 	3.1 	5.6 	9.1 	9.4 	8.8 	9.6 	9.9 	8.2 	6.7 	5.6 i	5.8 b	6.0 	6.6 	7.4 	7.7 	7.1 	6.1 	6.2 	8.3 	8.6 	7.8 	8.0 	8.0 	7.9 	7.4 	6.9 
TOTAL,PC_ACT,T,SI	: 	: 	: 	: 	: 	: 	6.9 	6.9 	7.4 	7.4 	6.7 	6.2 	6.3 	6.7 	6.3 	6.5 	6.0 	4.9 	4.4 	5.9 	7.3 	8.2 	8.9 	10.1 	9.7 	9.0 	8.0 
TOTAL,PC_ACT,T,SK	: 	: 	: 	: 	: 	: 	: 	: 	12.7 	16.5 	18.9 	19.5 	18.8 	17.7 	18.4 	16.4 	13.5 	11.2 	9.6 	12.1 	14.5 	13.7 i	14.0 	14.2 	13.2 	11.5 	9.7 
TOTAL,PC_ACT,T,TR	: 	: 	: 	: 	: 	: 	: 	: 	: 	: 	: 	: 	: 	: 	: 	9.5 	9.0 	9.1 b	10.0 	13.0 	11.1 	9.1 	8.4 	9.0 	9.9 	10.3 	10.9 
TOTAL,PC_ACT,T,UK	6.9 	8.6 	9.8 	10.2 	9.3 	8.5 	7.9 	6.8 	6.1 	5.9 	5.4 	5.0 	5.1 	5.0 	4.7 	4.8 	5.4 	5.3 	5.6 	7.6 	7.8 	8.1 	7.9 	7.5 	6.1 	5.3 	4.8 
TOTAL,PC_ACT,T,US	5.6 	6.8 	7.5 	6.9 	6.1 	5.6 	5.4 	4.9 	4.5 	4.2 	4.0 	4.7 	5.8 	6.0 	5.5 	5.1 	4.6 	4.6 	5.8 	9.3 	9.6 	8.9 	8.1 	7.4 	6.2 	5.3 	4.9 
TOTAL,PC_POP,T,AT	: 	: 	: 	: 	: 	: 	: 	: 	: 	2.4 	2.2 	2.3 	2.5 	2.8 i	3.5 	3.6 	3.4 	3.2 	2.7 	3.5 	3.2 	3.0 	3.2 	3.6 	3.8 	3.8 	4.1 
TOTAL,PC_POP,T,BE	: 	: 	: 	: 	: 	: 	: 	: 	: 	4.8 	3.9 	3.7 	4.3 	4.7 	4.9 	5.0 	4.9 	4.5 	4.2 	4.7 	5.0 	4.2 	4.5 	5.1 	5.1 	5.1 	4.7 
TOTAL,PC_POP,T,BG	: 	: 	: 	: 	: 	: 	: 	: 	: 	: 	8.9 	11.1 	9.9 	7.3 	6.6 	5.5 	5.1 	4.0 	3.4 	4.0 	6.0 i	6.5 	7.2 	7.7 	6.9 	5.5 	4.5 
TOTAL,PC_POP,T,CY	: 	: 	: 	: 	: 	: 	: 	: 	: 	: 	: 	: 	: 	3.7 	3.4 i	3.6 	3.1 	2.7 	2.5 	3.6 	4.3 	5.3 	8.0 	10.7 	11.0 	10.0 	8.6 
TOTAL,PC_POP,T,CZ	: 	: 	: 	: 	: 	: 	: 	: 	4.1 	5.6 	5.6 	5.1 	4.7 	5.0 	5.3 	5.1 	4.6 	3.4 	2.8 	4.2 	4.6 	4.2 	4.4 	4.5 	3.9 	3.3 	2.6 
TOTAL,PC_POP,T,DE	: 	: 	: 	: 	: 	: 	: 	: 	: 	: 	: 	: 	: 	: 	: 	7.2 i	6.6 	5.6 	4.9 	5.1 	4.6 	3.9 	3.6 	3.6 	3.4 	3.2 	2.9 
TOTAL,PC_POP,T,DK	: 	: 	: 	: 	: 	: 	: 	: 	: 	4.0 	3.3 	3.3 	3.3 	3.9 	4.0 	3.5 	2.8 i	2.7 	2.5 	4.3 	5.3 	5.3 	5.2 	4.8 	4.5 	4.2 	4.3 
TOTAL,PC_POP,T,EA18	: 	: 	: 	: 	: 	: 	: 	: 	: 	: 	: 	: 	: 	: 	: 	5.6 	5.2 	4.7 	4.7 	6.0 	6.3 	6.4 	7.2 	7.6 	7.4 	6.9 	6.4 
TOTAL,PC_POP,T,EA19	: 	: 	: 	: 	: 	: 	: 	: 	: 	: 	: 	: 	: 	: 	: 	5.6 	5.2 	4.6 	4.7 	6.0 	6.4 	6.4 	7.2 	7.6 	7.4 	6.9 	6.4 
TOTAL,PC_POP,T,EE	: 	: 	: 	: 	: 	: 	: 	: 	: 	: 	9.3 	8.2 	7.0 	6.6 	6.5 	5.1 	3.9 	3.0 	3.7 i	9.0 	11.1 	8.3 	6.8 	5.9 	5.0 	4.3 	4.8 
TOTAL,PC_POP,T,EL	: 	: 	: 	: 	: 	: 	: 	: 	6.2 	6.7 	6.3 	5.9 	5.8 	5.6 i	6.1 	5.8 	5.3 	4.9 	4.6 	5.7 	7.6 	10.6 	14.5 	16.3 	15.7 	14.8 	14.1 
TOTAL,PC_POP,T,ES	: 	: 	: 	: 	: 	: 	10.7 	10.0 	9.0 	7.6 	6.8 	6.0 	6.7 	6.9 	6.7 	5.7 	5.4 	5.3 	7.4 	11.7 	13.1 	14.2 	16.5 	17.3 	16.0 	14.5 	12.8 
TOTAL,PC_POP,T,EU27	: 	: 	: 	: 	: 	: 	: 	: 	: 	: 	: 	: 	: 	: 	: 	5.5 	5.1 	4.5 	4.4 	5.6 	6.0 	6.1 	6.6 	6.9 	6.5 	6.0 	5.5 
TOTAL,PC_POP,T,EU28	: 	: 	: 	: 	: 	: 	: 	: 	: 	: 	: 	: 	: 	: 	: 	5.5 	5.1 	4.5 	4.4 	5.6 	6.0 	6.1 	6.7 	6.9 	6.5 	6.0 	5.5 
TOTAL,PC_POP,T,FI	: 	: 	: 	: 	: 	: 	: 	: 	7.4 	6.8 	6.5 	6.1 	6.1 	6.0 	5.8 	5.6 	5.2 	4.6 	4.3 	5.5 	5.6 	5.2 	5.1 	5.4 	5.7 	6.2 	5.8 
TOTAL,PC_POP,T,FR	: 	: 	: 	: 	: 	: 	: 	: 	: 	: 	: 	: 	: 	5.0 	5.2 	5.3 	5.2 	4.8 	4.4 	5.5 	5.6 	5.5 	5.9 	6.3 	6.3 	6.3 	6.1 
TOTAL,PC_POP,T,HR	: 	: 	: 	: 	: 	: 	: 	: 	: 	: 	: 	: 	: 	: 	: 	7.1 	6.4 i	5.7 	5.0 	5.4 	6.7 	7.8 	9.1 	9.8 	10.1 	9.5 	7.5 
TOTAL,PC_POP,T,HU	: 	: 	: 	: 	: 	: 	: 	: 	: 	3.7 	3.4 	3.0 	3.1 	3.2 	3.3 	3.9 	4.1 	4.1 	4.2 i	5.4 	6.1 	6.1 	6.2 	5.8 	4.5 	4.1 	3.1 
TOTAL,PC_POP,T,IE	: 	: 	: 	: 	: 	: 	: 	: 	6.3 	3.9 	2.7 	2.5 	2.8 	3.0 	2.9 	2.9 	3.0 	3.2 	4.3 	7.9 	9.0 	9.4 	9.4 	8.4 	7.3 	6.1 	5.1 
TOTAL,PC_POP,T,IS	: 	: 	: 	: 	: 	: 	: 	: 	: 	: 	: 	: 	: 	2.7 	2.4 	2.1 	2.3 	1.9 	2.4 	5.8 	6.1 	5.6 	4.8 	4.3 	4.0 	3.3 	2.5 
TOTAL,PC_POP,T,IT	: 	: 	: 	: 	: 	: 	: 	: 	5.9 	5.8 	5.4 	4.9 	4.6 	4.6 	4.4 	4.2 	3.7 	3.3 	3.7 	4.2 	4.6 	4.6 	5.9 	6.7 	7.1 	6.7 	6.6 
TOTAL,PC_POP,T,LT	: 	: 	: 	: 	: 	: 	: 	: 	: 	: 	: 	: 	8.6 	7.8 	6.7 	5.1 	3.5 	2.6 	3.6 	8.6 	11.1 	9.8 	8.6 	7.6 	7.1 	6.1 	5.3 
TOTAL,PC_POP,T,LU	: 	: 	: 	: 	: 	: 	: 	: 	: 	: 	: 	: 	: 	2.1 	3.0 	2.7 	2.8 i	2.4 	3.0 	3.1 	2.7 	3.0 	3.2 	3.7 	3.7 	4.3 	4.0 
TOTAL,PC_POP,T,LV	: 	: 	: 	: 	: 	: 	: 	: 	: 	: 	: 	: 	7.7 	7.2 	7.3 	6.2 	4.5 	4.0 	5.2 	11.5 	12.6 	10.4 	9.9 	7.8 	7.2 	6.7 	6.6 
TOTAL,PC_POP,T,MT	: 	: 	: 	: 	: 	: 	: 	: 	: 	: 	: 	: 	3.6 	4.0 	3.8 	3.6 	3.6 	3.4 	3.2 	3.7 	3.7 	3.5 	3.5 	3.7 	3.4 	3.2 	2.8 
TOTAL,PC_POP,T,NL	: 	: 	: 	: 	: 	: 	: 	: 	: 	: 	1.9 	1.5 	1.9 i	2.6 	3.2 	3.3 	2.7 	2.3 	2.0 	2.5 	3.1 	3.5 	4.1 	5.1 	5.2 	4.8 	4.2 
TOTAL,PC_POP,T,NO	: 	: 	: 	: 	: 	: 	: 	: 	: 	: 	2.4 	2.6 	2.8 	2.9 	3.0 	3.2 	2.4 b	1.8 	1.9 	2.3 	2.5 	2.3 	2.2 	2.4 	2.5 	3.1 	3.3 
TOTAL,PC_POP,T,PL	: 	: 	: 	: 	: 	: 	: 	: 	: 	: 	9.7 	10.9 	11.8 	11.4 	11.1 	10.4 	8.0 	5.5 	4.1 	4.8 i	5.8 	5.8 	6.1 	6.3 	5.5 	4.6 	3.8 
TOTAL,PC_POP,T,PT	: 	: 	: 	: 	: 	: 	: 	4.3 i	3.7 	3.3 	3.0 	3.0 	3.8 	4.7 	5.0 	5.7 	5.7 	6.0 	5.7 	7.0 	8.0 	8.6 	10.5 	10.8 	9.2 	8.3 	7.3 
TOTAL,PC_POP,T,RO	: 	: 	: 	: 	: 	: 	: 	: 	: 	4.6 	4.8 	4.3 	5.1 	4.1 i	4.7 	4.1 	4.3 	3.8 	3.4 	4.0 	4.2 	4.2 	4.1 	4.2 	4.1 	4.1 	3.5 
TOTAL,PC_POP,T,SE	: 	: 	: 	: 	: 	: 	: 	: 	: 	: 	: 	4.2 b	4.3 	4.8 	5.4 	5.5 	5.0 	4.4 	4.4 	5.9 	6.1 	5.5 	5.7 	5.8 	5.7 	5.4 	5.0 
TOTAL,PC_POP,T,SI	: 	: 	: 	: 	: 	: 	: 	: 	: 	4.5 	4.1 	3.8 	3.9 	4.0 	4.0 	4.2 	3.8 	3.1 	2.8 	3.8 	4.7 	5.2 	5.6 	6.4 	6.2 	5.7 	5.0 
TOTAL,PC_POP,T,SK	: 	: 	: 	: 	: 	: 	: 	: 	7.9 	10.3 	11.9 	12.4 	11.9 	11.2 	11.6 	10.3 	8.4 	7.0 	6.0 	7.6 	9.1 	8.6 i	8.8 	9.0 	8.4 	7.3 	6.2 
TOTAL,PC_POP,T,TR	: 	: 	: 	: 	: 	: 	: 	: 	: 	: 	: 	: 	: 	: 	: 	8.8 	4.1 	4.2 b	4.7 	6.1 	5.3 	4.5 	4.2 	4.6 	5.2 	5.5 	5.9 
TOTAL,PC_POP,T,UK	: 	: 	: 	: 	: 	: 	: 	: 	: 	: 	3.7 	3.4 	3.5 	3.4 	3.2 	3.2 	3.7 	3.6 	3.9 	5.2 	5.3 	5.5 	5.4 	5.2 	4.2 	3.7 	3.3 
TOTAL,THS_PER,T,AT	: 	: 	: 	: 	159 	159 	177 	177 	179 	157 	149 	152 	167 	186 i	213 	223 	212 	200 	172 	223 	203 	194 	209 	231 	245 	252 	270 
TOTAL,THS_PER,T,BE	255 	256 	287 	354 	406 	407 	401 	390 	400 	367 	302 	286 	331 	362 	379 	390 	383 	353 	333 	380 	406 	347 	369 	417 	423 	422 	390 
TOTAL,THS_PER,T,BG	: 	: 	: 	: 	: 	343 	329 	417 	362 	402 	561 	670 	614 	453 	404 	338 	309 	242 	202 	240 	352 i	376 	410 	436 	385 	305 	247 
TOTAL,THS_PER,T,CY	: 	: 	: 	: 	: 	: 	: 	: 	: 	: 	15 	13 	12 	14 	16 i	19 	17 	15 	15 	22 	26 	34 	52 	69 	70 	63 	54 
TOTAL,THS_PER,T,CZ	: 	: 	: 	220 	221 	208 	201 	248 	335 	454 	454 	418 	374 	399 	426 	410 	371 	276 	230 	352 	384 	351 	367 	370 	324 	268 	212 
TOTAL,THS_PER,T,DE	: 	2172 	2573 	3050 	3306 	3205 	3471 	3764 	3682 	3366 	3114 	3059 	3376 	3810 	4127 	4506 i	4104 	3473 	3018 	3098 	2821 	2399 	2224 	2182 	2090 	1950 	1774 
TOTAL,THS_PER,T,DK	205 	225 	246 	271 	213 	188 	178 	148 	137 	147 	122 	130 	131 	155 	160 	140 	114 i	111 	101 	177 	218 	221 	219 	202 	191 	181 	187 
TOTAL,THS_PER,T,EA18	: 	: 	: 	: 	: 	: 	: 	: 	: 	13715 	12606 	11830 	12487 	13337 	13846 	13863 	12897 	11658 	11863 	15022 	15885 	15957 	17995 	19072 	18480 	17317 	16116 
TOTAL,THS_PER,T,EA19	: 	: 	: 	: 	: 	: 	: 	: 	: 	13964 	12880 	12114 	12711 	13541 	14019 	13993 	12985 	11722 	11951 	15233 	16156 	16185 	18192 	19244 	18638 	17451 	16233 
TOTAL,THS_PER,T,EE	: 	: 	: 	: 	: 	: 	: 	: 	: 	: 	100 	88 	75 	70 	68 	54 	41 	32 	38 i	93 	114 	85 	68 	59 	50 	42 	47 
TOTAL,THS_PER,T,EL	: 	: 	: 	: 	: 	: 	: 	: 	502 	548 	517 	488 	480 	460 i	520 	493 	448 	418 	388 	485 	639 	882 	1195 	1330 	1274 	1197 	1131 
TOTAL,THS_PER,T,ES	2297 	2313 	2602 	3230 	3455 	3279 i	3192 	3007 	2727 	2310 	2095 	1904 	2171 	2267 	2234 	1934 	1841 	1846 	2596 	4154 	4640 	5013 	5811 	6051 	5610 	5056 	4481 
TOTAL,THS_PER,T,EU27	: 	: 	: 	: 	: 	: 	: 	: 	: 	: 	19737 	19278 	20127 	20632 	21004 	20702 	19101 	16797 	16585 	21180 	22765 	22868 	24974 	25984 	24482 	22575 	20672 
TOTAL,THS_PER,T,EU28	: 	: 	: 	: 	: 	: 	: 	: 	: 	: 	20021 	19561 	20402 	20887 	21259 	20943 	19316 	16987 	16751 	21360 	22989 	23124 	25266 	26304 	24807 	22879 	20917 
TOTAL,THS_PER,T,FI	82 	168 	292 	405 	408 	382 	363 	314 	285 	261 	253 	238 	237 	235 	229 	220 	204 	183 	172 	221 	224 	209 	207 	219 	232 	252 	237 
TOTAL,THS_PER,T,FR	2007 	2074 	2314 	2591 	2696 	2649 i	2763 	2802 	2715 	2656 	2306 	2114 	2171 	2338 	2459 	2478 	2482 	2268 	2121 	2622 	2680 	2665 	2855 	3026 	3032 	3054 	2972 
TOTAL,THS_PER,T,HR	: 	: 	: 	: 	: 	: 	: 	: 	: 	: 	284 	283 	274 	255 	255 	241 	215 i	190 	166 	180 	224 	256 	292 	320 	325 	304 	245 
TOTAL,THS_PER,T,HU	: 	: 	: 	: 	: 	391 	395 	358 	350 	279 	256 	228 	229 	240 	252 	302 	317 	312 	326 i	418 	469 	466 	473 	441 	343 	308 	235 
TOTAL,THS_PER,T,IE	176 	197 	209 	216 	203 	177 	174 	152 	123 	96 	75 	72 	83 	87 	88 	90 	97 	105 	146 	268 	303 	317 	316 	282 	243 	204 	173 
TOTAL,THS_PER,T,IS	: 	: 	: 	: 	: 	: 	: 	: 	: 	: 	: 	: 	: 	5445 	4936 	4289 	5027 	4161 	5505 	13077 	13674 	12704 	10874 	9973 	9276 	7635 	5883 
TOTAL,THS_PER,T,IT	2084 p	2023 p	2056 	2296 	2493 	2616 	2619 	2641 	2681 	2593 	2408 	2173 	2058 	2050 	1944 	1877 	1654 	1481 	1664 	1907 	2056 	2061 	2691 	3069 	3236 	3032 	3012 
TOTAL,THS_PER,T,JP	1341 	1363 	1423 	1657 	1921 	2099 	2250 	2302 	2789 	3169 	3197 	3397 	3588 	3503 	3136 	2942 	2751 	2568 	2658 	3367 	3347 	3019 b	2848 	2668 	2380 	2233 	2078 
TOTAL,THS_PER,T,LT	: 	: 	: 	: 	: 	: 	: 	: 	227 	249 	274 	284 	224 	204 	173 	130 	88 	64 	88 	211 	270 	228 	197 	172 	158 	134 	116 
TOTAL,THS_PER,T,LU	3 	3 	3 	4 	5 	5 	5 	5 	5 	4 	4 	4 	5 	7 	10 	9 	9 i	9 	10 	12 	11 	11 	13 	15 	16 	18 	18 
TOTAL,THS_PER,T,LV	: 	: 	: 	: 	: 	: 	: 	: 	: 	158 	158 	148 i	136 	127 	128 	108 	78 	68 	88 	193 	206 	167 	155 	120 	108 	98 	95 
TOTAL,THS_PER,T,MT	: 	: 	: 	: 	: 	7 	8 	10 	10 	11 	10 	12 	11 	12 	11 	11 	11 	11 	10 	12 	12 	11 	11 	12 	11 	11 	9 
TOTAL,THS_PER,T,NL	409 	391 	400 	458 	517 	620 	575 	497 	399 	333 	294 	247 	301 i	395 	466 	489 	419 	355 	318 	381 	435 	434 	516 	647 	660 	614 	538 
TOTAL,THS_PER,T,NO	112 	116 	126 	127 	116 	108 b	106 	89 b	72 	71 	76 	81 	87 	100 	102 	109 	84 b	63 	66 	82 	93 	87 	85 	95 	96 	121 	132 
TOTAL,THS_PER,T,PL	: 	: 	: 	: 	: 	2279 	2241 	1849 	1730 	2300 	2781 	3167 	3423 	3308 	3209 	3018 	2311 	1579 	1165 	1359 i	1650 	1659 	1749 	1793 	1567 	1304 	1063 
TOTAL,THS_PER,T,PT	273 	249 	244 	307 	373 	388 	394 	374 i	308 	281 	262 	269 	327 	395 	413 	470 	478 	494 	476 	574 	645 	688 	835 	855 	729 	648 	571 
TOTAL,THS_PER,T,RO	: 	: 	: 	: 	: 	1248 	847 	717 	726 	820 	875 	831 	866 	767 i	793 	701 	719 	634 	549 	624 	652 	659 	627 	653 	629 	624 	530 
TOTAL,THS_PER,T,SE	80 	143 	252 	401 	412 	391 	426 	437 	362 	300 	253 i	270 b	277 	306 	346 	361 	336 	298 	305 	408 	425 	390 	403 	411 	411 	387 	366 
TOTAL,THS_PER,T,SI	: 	: 	: 	: 	: 	66 	65 	67 	72 	71 	65 	60 	61 	64 	63 	66 	61 	50 	46 	61 	75 	83 	90 	102 	98 	90 	80 
TOTAL,THS_PER,T,SK	: 	: 	: 	: 	: 	291 	269 	279 	315 	414 	482 	504 	484 	457 	480 	427 	353 	293 	254 	321 	386 	363 i	378 	386 	359 	314 	267 
TOTAL,THS_PER,T,TR	: 	: 	: 	: 	: 	: 	: 	: 	: 	: 	: 	: 	: 	: 	: 	2056 	1983 	2039 b	2293 	3089 	2739 	2333 	2203 	2449 	2860 	3054 	3330 
TOTAL,THS_PER,T,UK	1967 	2445 	2710 	2857 	2611 	2383 	2228 	1927 	1740 	1696 	1554 	1451 	1503 	1464 	1397 	1441 	1640 	1624 	1757 	2369 	2459 	2559 	2534 	2437 	1996 	1746 	1599 
TOTAL,THS_PER,T,US	7047 	8628 	9613 	8940 	7997 	7404 	7236 	6739 	6210 	5879 	5692 	6801 	8378 	8774 	8149 	7591 	7001 	7077 	8924 	14264 	14825 	13747 	12506 	11459 	9616 	8297 	7751 
